{"noise": [[[32.0, 0.0, 0.0, 0.0, 1.0, 0.0, 2.0, 0.0, 0.0, 0.0], [7.0, 54.0, 9.0, 10.0, 44.0, 11.0, 0.0, 6.0, 1.0, 20.0], [0.0, 0.0, 16.0, 0.0, 0.0, 0.0, 0.0, 0.0, 0.0, 0.0], [0.0, 0.0, 23.0, 9.0, 0.0, 0.0, 0.0, 0.0, 0.0, 0.0], [0.0, 10.0, 0.0, 0.0, 16.0, 0.0, 0.0, 2.0, 0.0, 0.0], [6.0, 5.0, 0.0, 0.0, 1.0, 52.0, 0.0, 1.0, 0.0, 5.0], [0.0, 0.0, 17.0, 10.0, 0.0, 0.0, 42.0, 37.0, 6.0, 0.0], [1.0, 0.0, 2.0, 17.0, 0.0, 1.0, 1.0, 14.0, 0.0, 8.0], [0.0, 0.0, 4.0, 14.0, 0.0, 0.0, 0.0, 0.0, 47.0, 0.0], [0.0, 0.0, 3.0, 4.0, 0.0, 0.0, 0.0, 0.0, 0.0, 14.0]], 100, 92.21568989753723], "noise_cosine": [[[46.0, 0.0, 0.0, 1.0, 0.0, 0.0, 2.0, 0.0, 0.0, 0.0], [0.0, 60.0, 1.0, 1.0, 5.0, 1.0, 0.0, 0.0, 0.0, 3.0], [0.0, 0.0, 71.0, 0.0, 0.0, 0.0, 0.0, 0.0, 0.0, 0.0], [0.0, 0.0, 2.0, 59.0, 0.0, 0.0, 0.0, 0.0, 0.0, 0.0], [0.0, 2.0, 0.0, 1.0, 57.0, 0.0, 0.0, 0.0, 0.0, 0.0], [0.0, 0.0, 0.0, 0.0, 0.0, 61.0, 0.0, 0.0, 0.0, 0.0], [0.0, 0.0, 0.0, 0.0, 0.0, 0.0, 43.0, 1.0, 3.0, 0.0], [0.0, 7.0, 0.0, 0.0, 0.0, 0.0, 0.0, 59.0, 0.0, 2.0], [0.0, 0.0, 0.0, 1.0, 0.0, 0.0, 0.0, 0.0, 51.0, 0.0], [0.0, 0.0, 0.0, 1.0, 0.0, 2.0, 0.0, 0.0, 0.0, 42.0]], 100, 93.51737976074219], "denoised": [[[45.0, 0.0, 0.0, 3.0, 1.0, 0.0, 1.0, 3.0, 0.0, 0.0], [0.0, 61.0, 0.0, 0.0, 14.0, 5.0, 0.0, 0.0, 0.0, 2.0], [1.0, 0.0, 45.0, 0.0, 0.0, 0.0, 0.0, 0.0, 0.0, 0.0], [0.0, 0.0, 28.0, 47.0, 0.0, 0.0, 0.0, 0.0, 3.0, 0.0], [0.0, 3.0, 0.0, 0.0, 47.0, 0.0, 0.0, 0.0, 0.0, 0.0], [0.0, 0.0, 1.0, 4.0, 0.0, 58.0, 0.0, 0.0, 0.0, 0.0], [0.0, 0.0, 0.0, 6.0, 0.0, 0.0, 44.0, 24.0, 10.0, 0.0], [0.0, 5.0, 0.0, 3.0, 0.0, 0.0, 0.0, 32.0, 0.0, 13.0], [0.0, 0.0, 0.0, 1.0, 0.0, 0.0, 0.0, 0.0, 41.0, 0.0], [0.0, 0.0, 0.0, 0.0, 0.0, 1.0, 0.0, 1.0, 0.0, 32.0]], 100, 95.81005001068115], "denoised_cosine": [[[45.0, 0.0, 0.0, 2.0, 0.0, 0.0, 2.0, 0.0, 1.0, 0.0], [0.0, 41.0, 2.0, 0.0, 22.0, 2.0, 0.0, 0.0, 0.0, 2.0], [1.0, 2.0, 69.0, 0.0, 0.0, 0.0, 0.0, 0.0, 0.0, 0.0], [0.0, 0.0, 3.0, 49.0, 0.0, 0.0, 0.0, 0.0, 11.0, 0.0], [0.0, 13.0, 0.0, 1.0, 40.0, 0.0, 0.0, 0.0, 0.0, 0.0], [0.0, 0.0, 0.0, 3.0, 0.0, 60.0, 0.0, 0.0, 0.0, 0.0], [0.0, 0.0, 0.0, 1.0, 0.0, 0.0, 43.0, 9.0, 8.0, 0.0], [0.0, 13.0, 0.0, 1.0, 0.0, 1.0, 0.0, 51.0, 0.0, 20.0], [0.0, 0.0, 0.0, 2.0, 0.0, 0.0, 0.0, 0.0, 34.0, 0.0], [0.0, 0.0, 0.0, 5.0, 0.0, 1.0, 0.0, 0.0, 0.0, 25.0]], 100, 94.12283301353455], "desilenced": [[[8.0, 0.0, 0.0, 0.0, 0.0, 0.0, 0.0, 0.0, 0.0, 0.0], [9.0, 56.0, 9.0, 14.0, 46.0, 25.0, 0.0, 4.0, 0.0, 27.0], [0.0, 0.0, 9.0, 0.0, 0.0, 0.0, 0.0, 0.0, 0.0, 0.0], [2.0, 0.0, 18.0, 6.0, 0.0, 0.0, 2.0, 0.0, 0.0, 0.0], [1.0, 11.0, 0.0, 2.0, 16.0, 5.0, 0.0, 1.0, 0.0, 0.0], [1.0, 0.0, 0.0, 0.0, 0.0, 30.0, 1.0, 1.0, 0.0, 0.0], [0.0, 0.0, 10.0, 23.0, 0.0, 0.0, 6.0, 28.0, 13.0, 0.0], [1.0, 0.0, 1.0, 18.0, 0.0, 1.0, 0.0, 14.0, 1.0, 8.0], [24.0, 2.0, 23.0, 0.0, 0.0, 3.0, 36.0, 12.0, 40.0, 3.0], [0.0, 0.0, 4.0, 1.0, 0.0, 0.0, 0.0, 0.0, 0.0, 9.0]], 100, 91.31243085861206], "desilenced_cosine": [[[44.0, 0.0, 0.0, 1.0, 0.0, 0.0, 2.0, 0.0, 1.0, 0.0], [0.0, 60.0, 0.0, 1.0, 4.0, 6.0, 0.0, 0.0, 0.0, 3.0], [0.0, 0.0, 68.0, 0.0, 0.0, 0.0, 0.0, 0.0, 0.0, 0.0], [0.0, 0.0, 2.0, 59.0, 0.0, 0.0, 0.0, 0.0, 0.0, 0.0], [2.0, 2.0, 0.0, 1.0, 58.0, 0.0, 0.0, 0.0, 0.0, 0.0], [0.0, 0.0, 0.0, 0.0, 0.0, 53.0, 0.0, 0.0, 0.0, 0.0], [0.0, 0.0, 0.0, 1.0, 0.0, 0.0, 19.0, 1.0, 5.0, 0.0], [0.0, 7.0, 0.0, 1.0, 0.0, 0.0, 0.0, 59.0, 0.0, 1.0], [0.0, 0.0, 4.0, 0.0, 0.0, 2.0, 24.0, 0.0, 48.0, 1.0], [0.0, 0.0, 0.0, 0.0, 0.0, 3.0, 0.0, 0.0, 0.0, 42.0]], 100, 91.16959500312805], "dd": [[[31.0, 0.0, 0.0, 0.0, 0.0, 0.0, 1.0, 1.0, 0.0, 0.0], [0.0, 48.0, 0.0, 1.0, 18.0, 2.0, 0.0, 0.0, 0.0, 0.0], [1.0, 0.0, 44.0, 4.0, 0.0, 0.0, 0.0, 0.0, 0.0, 0.0], [0.0, 0.0, 24.0, 44.0, 0.0, 0.0, 0.0, 0.0, 3.0, 3.0], [1.0, 10.0, 0.0, 0.0, 44.0, 0.0, 1.0, 0.0, 0.0, 0.0], [13.0, 7.0, 0.0, 1.0, 0.0, 62.0, 0.0, 33.0, 0.0, 19.0], [0.0, 0.0, 0.0, 6.0, 0.0, 0.0, 11.0, 7.0, 10.0, 0.0], [0.0, 4.0, 0.0, 4.0, 0.0, 0.0, 0.0, 16.0, 0.0, 9.0], [0.0, 0.0, 5.0, 1.0, 0.0, 0.0, 32.0, 1.0, 41.0, 1.0], [0.0, 0.0, 1.0, 3.0, 0.0, 0.0, 0.0, 2.0, 0.0, 15.0]], 100, 87.26063585281372], "dd_cosine": [[[42.0, 0.0, 0.0, 1.0, 0.0, 0.0, 2.0, 0.0, 1.0, 0.0], [0.0, 39.0, 1.0, 3.0, 24.0, 2.0, 0.0, 0.0, 0.0, 1.0], [1.0, 0.0, 70.0, 3.0, 0.0, 0.0, 0.0, 0.0, 0.0, 0.0], [0.0, 0.0, 3.0, 50.0, 0.0, 0.0, 0.0, 0.0, 12.0, 1.0], [2.0, 15.0, 0.0, 1.0, 38.0, 0.0, 1.0, 1.0, 0.0, 0.0], [1.0, 0.0, 0.0, 0.0, 0.0, 61.0, 0.0, 0.0, 0.0, 4.0], [0.0, 0.0, 0.0, 2.0, 0.0, 0.0, 33.0, 8.0, 10.0, 0.0], [0.0, 15.0, 0.0, 3.0, 0.0, 1.0, 0.0, 51.0, 0.0, 20.0], [0.0, 0.0, 0.0, 0.0, 0.0, 0.0, 9.0, 0.0, 31.0, 0.0], [0.0, 0.0, 0.0, 1.0, 0.0, 0.0, 0.0, 0.0, 0.0, 21.0]], 100, 89.79734802246094], "noise_query_benchmark": [[[45.0, 0.0, 0.0, 3.0, 15.0, 1.0, 0.0, 2.0, 0.0, 0.0], [0.0, 36.0, 0.0, 3.0, 12.0, 2.0, 0.0, 0.0, 0.0, 0.0], [1.0, 0.0, 46.0, 6.0, 0.0, 0.0, 0.0, 0.0, 0.0, 0.0], [0.0, 0.0, 26.0, 45.0, 0.0, 0.0, 0.0, 0.0, 5.0, 0.0], [0.0, 7.0, 0.0, 0.0, 35.0, 0.0, 0.0, 0.0, 0.0, 0.0], [0.0, 0.0, 0.0, 5.0, 0.0, 60.0, 1.0, 2.0, 0.0, 0.0], [0.0, 0.0, 0.0, 2.0, 0.0, 0.0, 44.0, 26.0, 10.0, 0.0], [0.0, 25.0, 0.0, 0.0, 0.0, 0.0, 0.0, 27.0, 0.0, 18.0], [0.0, 0.0, 0.0, 0.0, 0.0, 0.0, 0.0, 0.0, 39.0, 0.0], [0.0, 1.0, 2.0, 0.0, 0.0, 1.0, 0.0, 3.0, 0.0, 29.0]], 100, 94.0577609539032], "noise_query_benchmark_cosine": [[[43.0, 7.0, 0.0, 2.0, 11.0, 0.0, 1.0, 0.0, 0.0, 0.0], [2.0, 27.0, 8.0, 0.0, 14.0, 1.0, 0.0, 2.0, 0.0, 5.0], [1.0, 0.0, 63.0, 1.0, 0.0, 0.0, 0.0, 0.0, 0.0, 0.0], [0.0, 0.0, 2.0, 44.0, 0.0, 0.0, 0.0, 0.0, 3.0, 0.0], [0.0, 15.0, 0.0, 1.0, 37.0, 0.0, 0.0, 0.0, 0.0, 1.0], [0.0, 0.0, 0.0, 8.0, 0.0, 63.0, 0.0, 0.0, 0.0, 1.0], [0.0, 0.0, 0.0, 2.0, 0.0, 0.0, 44.0, 14.0, 12.0, 0.0], [0.0, 19.0, 0.0, 6.0, 0.0, 0.0, 0.0, 44.0, 0.0, 6.0], [0.0, 0.0, 0.0, 0.0, 0.0, 0.0, 0.0, 0.0, 39.0, 0.0], [0.0, 1.0, 1.0, 0.0, 0.0, 0.0, 0.0, 0.0, 0.0, 34.0]], 100, 98.8217978477478], "noise_query_desilenced_noise_ref_benchmark": [[[44.0, 0.0, 0.0, 3.0, 14.0, 1.0, 0.0, 2.0, 0.0, 0.0], [0.0, 36.0, 0.0, 1.0, 12.0, 3.0, 0.0, 0.0, 0.0, 0.0], [1.0, 0.0, 45.0, 8.0, 0.0, 0.0, 0.0, 0.0, 0.0, 0.0], [1.0, 0.0, 27.0, 44.0, 0.0, 0.0, 0.0, 0.0, 5.0, 0.0], [0.0, 7.0, 0.0, 0.0, 36.0, 0.0, 0.0, 0.0, 0.0, 0.0], [0.0, 0.0, 0.0, 5.0, 0.0, 58.0, 1.0, 2.0, 0.0, 0.0], [0.0, 0.0, 0.0, 2.0, 0.0, 0.0, 17.0, 25.0, 8.0, 0.0], [0.0, 25.0, 0.0, 0.0, 0.0, 0.0, 0.0, 27.0, 0.0, 18.0], [0.0, 0.0, 0.0, 0.0, 0.0, 1.0, 27.0, 1.0, 41.0, 1.0], [0.0, 1.0, 2.0, 1.0, 0.0, 1.0, 0.0, 3.0, 0.0, 28.0]], 100, 90.46179604530334], "noise_query_desilenced_noise_ref_benchmark_cosine": [[[45.0, 7.0, 0.0, 2.0, 10.0, 1.0, 1.0, 0.0, 0.0, 0.0], [0.0, 27.0, 0.0, 0.0, 16.0, 1.0, 0.0, 2.0, 0.0, 4.0], [1.0, 0.0, 65.0, 1.0, 0.0, 0.0, 0.0, 0.0, 0.0, 0.0], [0.0, 0.0, 6.0, 43.0, 0.0, 0.0, 0.0, 0.0, 3.0, 0.0], [0.0, 15.0, 0.0, 1.0, 36.0, 0.0, 0.0, 0.0, 0.0, 1.0], [0.0, 0.0, 1.0, 8.0, 0.0, 61.0, 0.0, 0.0, 0.0, 1.0], [0.0, 0.0, 0.0, 3.0, 0.0, 0.0, 35.0, 15.0, 12.0, 0.0], [0.0, 19.0, 0.0, 6.0, 0.0, 0.0, 0.0, 43.0, 0.0, 6.0], [0.0, 0.0, 2.0, 0.0, 0.0, 0.0, 9.0, 0.0, 39.0, 0.0], [0.0, 1.0, 0.0, 0.0, 0.0, 1.0, 0.0, 0.0, 0.0, 35.0]], 100, 90.25945091247559]}