{"noise": [[[34.0, 0.0, 0.0, 0.0, 1.0, 0.0, 3.0, 0.0, 0.0, 0.0], [9.0, 54.0, 9.0, 10.0, 39.0, 11.0, 0.0, 7.0, 0.0, 21.0], [0.0, 0.0, 15.0, 0.0, 0.0, 0.0, 0.0, 0.0, 0.0, 0.0], [0.0, 0.0, 27.0, 9.0, 0.0, 0.0, 0.0, 0.0, 0.0, 0.0], [1.0, 13.0, 0.0, 1.0, 22.0, 0.0, 0.0, 2.0, 0.0, 0.0], [1.0, 2.0, 0.0, 0.0, 0.0, 52.0, 0.0, 0.0, 0.0, 2.0], [0.0, 0.0, 14.0, 21.0, 0.0, 0.0, 42.0, 35.0, 12.0, 0.0], [1.0, 0.0, 2.0, 14.0, 0.0, 1.0, 0.0, 16.0, 0.0, 9.0], [0.0, 0.0, 3.0, 3.0, 0.0, 0.0, 0.0, 0.0, 41.0, 0.0], [0.0, 0.0, 4.0, 6.0, 0.0, 0.0, 0.0, 0.0, 1.0, 15.0]], 100, 118.78167009353638], "noise_cosine": [[[46.0, 0.0, 0.0, 1.0, 0.0, 0.0, 2.0, 0.0, 0.0, 0.0], [0.0, 61.0, 1.0, 1.0, 5.0, 1.0, 0.0, 0.0, 0.0, 3.0], [0.0, 0.0, 71.0, 0.0, 0.0, 0.0, 0.0, 0.0, 0.0, 0.0], [0.0, 0.0, 2.0, 61.0, 0.0, 0.0, 0.0, 0.0, 0.0, 0.0], [0.0, 2.0, 0.0, 1.0, 57.0, 0.0, 0.0, 0.0, 0.0, 0.0], [0.0, 0.0, 0.0, 0.0, 0.0, 61.0, 0.0, 0.0, 0.0, 0.0], [0.0, 0.0, 0.0, 0.0, 0.0, 0.0, 43.0, 1.0, 3.0, 0.0], [0.0, 6.0, 0.0, 0.0, 0.0, 0.0, 0.0, 59.0, 0.0, 4.0], [0.0, 0.0, 0.0, 0.0, 0.0, 0.0, 0.0, 0.0, 51.0, 0.0], [0.0, 0.0, 0.0, 0.0, 0.0, 2.0, 0.0, 0.0, 0.0, 40.0]], 100, 114.14031600952148], "denoised": [[[45.0, 0.0, 0.0, 2.0, 1.0, 0.0, 1.0, 5.0, 0.0, 0.0], [0.0, 62.0, 0.0, 0.0, 10.0, 6.0, 0.0, 0.0, 0.0, 1.0], [1.0, 0.0, 45.0, 0.0, 0.0, 0.0, 0.0, 0.0, 0.0, 0.0], [0.0, 0.0, 27.0, 47.0, 0.0, 0.0, 0.0, 0.0, 8.0, 0.0], [0.0, 3.0, 0.0, 0.0, 51.0, 0.0, 0.0, 0.0, 0.0, 0.0], [0.0, 0.0, 2.0, 11.0, 0.0, 56.0, 0.0, 2.0, 0.0, 1.0], [0.0, 0.0, 0.0, 4.0, 0.0, 0.0, 44.0, 22.0, 8.0, 0.0], [0.0, 4.0, 0.0, 0.0, 0.0, 0.0, 0.0, 30.0, 0.0, 15.0], [0.0, 0.0, 0.0, 0.0, 0.0, 0.0, 0.0, 0.0, 38.0, 0.0], [0.0, 0.0, 0.0, 0.0, 0.0, 2.0, 0.0, 1.0, 0.0, 30.0]], 100, 104.00722289085388], "denoised_cosine": [[[44.0, 0.0, 0.0, 2.0, 0.0, 0.0, 2.0, 0.0, 0.0, 0.0], [0.0, 39.0, 2.0, 0.0, 19.0, 3.0, 0.0, 0.0, 0.0, 2.0], [2.0, 2.0, 68.0, 0.0, 0.0, 0.0, 0.0, 0.0, 0.0, 0.0], [0.0, 0.0, 2.0, 52.0, 0.0, 0.0, 0.0, 0.0, 15.0, 0.0], [0.0, 13.0, 0.0, 1.0, 43.0, 0.0, 0.0, 0.0, 0.0, 0.0], [0.0, 0.0, 1.0, 6.0, 0.0, 59.0, 0.0, 0.0, 0.0, 3.0], [0.0, 0.0, 0.0, 0.0, 0.0, 0.0, 43.0, 9.0, 8.0, 0.0], [0.0, 15.0, 0.0, 0.0, 0.0, 1.0, 0.0, 51.0, 0.0, 20.0], [0.0, 0.0, 0.0, 0.0, 0.0, 0.0, 0.0, 0.0, 31.0, 0.0], [0.0, 0.0, 1.0, 3.0, 0.0, 1.0, 0.0, 0.0, 0.0, 22.0]], 100, 102.75224113464355], "desilenced": [[[8.0, 0.0, 0.0, 0.0, 0.0, 0.0, 0.0, 0.0, 0.0, 0.0], [8.0, 54.0, 9.0, 12.0, 39.0, 27.0, 0.0, 3.0, 0.0, 27.0], [0.0, 0.0, 9.0, 0.0, 0.0, 0.0, 0.0, 0.0, 0.0, 0.0], [2.0, 0.0, 20.0, 8.0, 0.0, 0.0, 2.0, 0.0, 0.0, 0.0], [1.0, 13.0, 0.0, 2.0, 23.0, 5.0, 0.0, 2.0, 0.0, 0.0], [2.0, 0.0, 1.0, 0.0, 0.0, 29.0, 1.0, 1.0, 0.0, 0.0], [0.0, 0.0, 9.0, 26.0, 0.0, 0.0, 6.0, 28.0, 14.0, 0.0], [1.0, 0.0, 0.0, 12.0, 0.0, 0.0, 0.0, 14.0, 1.0, 9.0], [24.0, 2.0, 22.0, 0.0, 0.0, 3.0, 36.0, 12.0, 39.0, 3.0], [0.0, 0.0, 4.0, 4.0, 0.0, 0.0, 0.0, 0.0, 0.0, 8.0]], 100, 100.53606915473938], "desilenced_cosine": [[[45.0, 0.0, 0.0, 1.0, 0.0, 0.0, 2.0, 0.0, 2.0, 0.0], [0.0, 58.0, 0.0, 1.0, 5.0, 10.0, 0.0, 0.0, 0.0, 3.0], [0.0, 0.0, 67.0, 0.0, 0.0, 0.0, 0.0, 0.0, 0.0, 0.0], [0.0, 0.0, 2.0, 61.0, 0.0, 0.0, 0.0, 0.0, 0.0, 0.0], [1.0, 4.0, 0.0, 1.0, 57.0, 0.0, 0.0, 0.0, 0.0, 0.0], [0.0, 0.0, 0.0, 0.0, 0.0, 47.0, 0.0, 0.0, 0.0, 1.0], [0.0, 0.0, 0.0, 0.0, 0.0, 0.0, 19.0, 1.0, 4.0, 0.0], [0.0, 7.0, 0.0, 0.0, 0.0, 0.0, 0.0, 59.0, 0.0, 3.0], [0.0, 0.0, 5.0, 0.0, 0.0, 2.0, 24.0, 0.0, 48.0, 1.0], [0.0, 0.0, 0.0, 0.0, 0.0, 5.0, 0.0, 0.0, 0.0, 39.0]], 100, 104.70244002342224], "dd": [[[31.0, 0.0, 0.0, 0.0, 0.0, 0.0, 1.0, 1.0, 0.0, 0.0], [0.0, 44.0, 0.0, 2.0, 14.0, 2.0, 0.0, 0.0, 0.0, 0.0], [1.0, 0.0, 40.0, 3.0, 0.0, 0.0, 0.0, 0.0, 0.0, 0.0], [0.0, 0.0, 29.0, 44.0, 0.0, 0.0, 2.0, 0.0, 8.0, 4.0], [1.0, 11.0, 0.0, 0.0, 48.0, 0.0, 1.0, 0.0, 0.0, 0.0], [13.0, 10.0, 0.0, 1.0, 0.0, 62.0, 0.0, 38.0, 0.0, 20.0], [0.0, 0.0, 0.0, 6.0, 0.0, 0.0, 10.0, 5.0, 9.0, 0.0], [0.0, 4.0, 0.0, 1.0, 0.0, 0.0, 0.0, 14.0, 0.0, 8.0], [0.0, 0.0, 3.0, 0.0, 0.0, 0.0, 31.0, 0.0, 37.0, 1.0], [0.0, 0.0, 2.0, 7.0, 0.0, 0.0, 0.0, 2.0, 0.0, 14.0]], 100, 93.64126181602478], "dd_cosine": [[[41.0, 0.0, 0.0, 1.0, 0.0, 0.0, 2.0, 0.0, 1.0, 0.0], [0.0, 36.0, 1.0, 1.0, 21.0, 3.0, 0.0, 0.0, 0.0, 1.0], [2.0, 0.0, 70.0, 1.0, 0.0, 0.0, 0.0, 0.0, 0.0, 0.0], [0.0, 0.0, 2.0, 52.0, 0.0, 0.0, 3.0, 1.0, 16.0, 1.0], [2.0, 18.0, 0.0, 1.0, 41.0, 0.0, 1.0, 2.0, 0.0, 0.0], [1.0, 0.0, 0.0, 1.0, 0.0, 60.0, 0.0, 3.0, 0.0, 8.0], [0.0, 0.0, 0.0, 3.0, 0.0, 0.0, 32.0, 6.0, 8.0, 0.0], [0.0, 15.0, 0.0, 1.0, 0.0, 1.0, 0.0, 48.0, 0.0, 20.0], [0.0, 0.0, 0.0, 0.0, 0.0, 0.0, 7.0, 0.0, 29.0, 0.0], [0.0, 0.0, 1.0, 3.0, 0.0, 0.0, 0.0, 0.0, 0.0, 17.0]], 100, 100.69165015220642], "noise_query_benchmark": [[[44.0, 0.0, 0.0, 2.0, 17.0, 1.0, 0.0, 1.0, 0.0, 0.0], [0.0, 39.0, 0.0, 1.0, 9.0, 2.0, 0.0, 0.0, 0.0, 0.0], [2.0, 0.0, 47.0, 4.0, 0.0, 0.0, 0.0, 0.0, 0.0, 0.0], [0.0, 0.0, 26.0, 46.0, 0.0, 0.0, 0.0, 0.0, 8.0, 0.0], [0.0, 5.0, 0.0, 0.0, 35.0, 0.0, 0.0, 0.0, 0.0, 0.0], [0.0, 0.0, 1.0, 10.0, 1.0, 60.0, 2.0, 5.0, 0.0, 0.0], [0.0, 0.0, 0.0, 1.0, 0.0, 0.0, 43.0, 24.0, 9.0, 0.0], [0.0, 24.0, 0.0, 0.0, 0.0, 0.0, 0.0, 27.0, 0.0, 19.0], [0.0, 0.0, 0.0, 0.0, 0.0, 0.0, 0.0, 0.0, 37.0, 0.0], [0.0, 1.0, 0.0, 0.0, 0.0, 1.0, 0.0, 3.0, 0.0, 28.0]], 100, 126.45148491859436], "noise_query_benchmark_cosine": [[[44.0, 7.0, 0.0, 1.0, 11.0, 0.0, 1.0, 0.0, 0.0, 0.0], [0.0, 31.0, 3.0, 1.0, 13.0, 1.0, 0.0, 2.0, 0.0, 4.0], [2.0, 0.0, 68.0, 1.0, 0.0, 0.0, 0.0, 0.0, 0.0, 0.0], [0.0, 0.0, 2.0, 44.0, 0.0, 0.0, 0.0, 0.0, 10.0, 0.0], [0.0, 12.0, 0.0, 1.0, 38.0, 0.0, 0.0, 0.0, 0.0, 1.0], [0.0, 0.0, 1.0, 12.0, 0.0, 63.0, 0.0, 0.0, 0.0, 5.0], [0.0, 0.0, 0.0, 2.0, 0.0, 0.0, 44.0, 13.0, 11.0, 0.0], [0.0, 17.0, 0.0, 1.0, 0.0, 0.0, 0.0, 45.0, 0.0, 10.0], [0.0, 0.0, 0.0, 0.0, 0.0, 0.0, 0.0, 0.0, 33.0, 0.0], [0.0, 2.0, 0.0, 1.0, 0.0, 0.0, 0.0, 0.0, 0.0, 27.0]], 100, 115.43303179740906], "noise_query_desilenced_noise_ref_benchmark": [[[44.0, 1.0, 0.0, 2.0, 17.0, 1.0, 0.0, 2.0, 0.0, 0.0], [0.0, 37.0, 0.0, 1.0, 9.0, 3.0, 0.0, 0.0, 0.0, 0.0], [2.0, 0.0, 46.0, 4.0, 0.0, 0.0, 0.0, 0.0, 0.0, 0.0], [0.0, 0.0, 27.0, 45.0, 0.0, 0.0, 3.0, 0.0, 8.0, 0.0], [0.0, 5.0, 0.0, 0.0, 35.0, 0.0, 0.0, 0.0, 0.0, 0.0], [0.0, 0.0, 1.0, 11.0, 1.0, 58.0, 2.0, 7.0, 0.0, 0.0], [0.0, 0.0, 0.0, 1.0, 0.0, 0.0, 17.0, 22.0, 9.0, 0.0], [0.0, 24.0, 0.0, 0.0, 0.0, 0.0, 0.0, 27.0, 0.0, 19.0], [0.0, 0.0, 0.0, 0.0, 0.0, 1.0, 23.0, 0.0, 37.0, 1.0], [0.0, 2.0, 0.0, 0.0, 0.0, 1.0, 0.0, 2.0, 0.0, 27.0]], 100, 110.03733706474304], "noise_query_desilenced_noise_ref_benchmark_cosine": [[[44.0, 6.0, 0.0, 3.0, 12.0, 0.0, 1.0, 0.0, 0.0, 0.0], [0.0, 29.0, 0.0, 1.0, 12.0, 2.0, 0.0, 1.0, 0.0, 3.0], [2.0, 0.0, 67.0, 0.0, 0.0, 0.0, 0.0, 0.0, 0.0, 0.0], [0.0, 0.0, 4.0, 43.0, 0.0, 0.0, 2.0, 0.0, 10.0, 0.0], [0.0, 15.0, 0.0, 1.0, 38.0, 0.0, 0.0, 0.0, 0.0, 1.0], [0.0, 0.0, 1.0, 12.0, 0.0, 62.0, 0.0, 0.0, 1.0, 4.0], [0.0, 0.0, 0.0, 2.0, 0.0, 0.0, 34.0, 14.0, 10.0, 0.0], [0.0, 17.0, 0.0, 1.0, 0.0, 0.0, 0.0, 45.0, 0.0, 10.0], [0.0, 0.0, 2.0, 0.0, 0.0, 0.0, 8.0, 0.0, 33.0, 0.0], [0.0, 2.0, 0.0, 1.0, 0.0, 0.0, 0.0, 0.0, 0.0, 29.0]], 100, 111.1298758983612]}