{"no_split_denoised": [[[9.0, 0.0, 16.0, 24.0, 3.0, 0.0, 0.0, 0.0, 1.0, 9.0], [0.0, 3.0, 0.0, 0.0, 2.0, 8.0, 0.0, 1.0, 0.0, 1.0], [6.0, 0.0, 3.0, 1.0, 0.0, 0.0, 1.0, 0.0, 1.0, 1.0], [4.0, 1.0, 3.0, 2.0, 9.0, 5.0, 0.0, 2.0, 4.0, 6.0], [0.0, 0.0, 0.0, 0.0, 0.0, 1.0, 0.0, 0.0, 0.0, 0.0], [0.0, 2.0, 0.0, 0.0, 4.0, 2.0, 0.0, 2.0, 0.0, 0.0], [0.0, 3.0, 0.0, 1.0, 0.0, 0.0, 9.0, 8.0, 0.0, 0.0], [0.0, 2.0, 0.0, 0.0, 0.0, 1.0, 0.0, 2.0, 0.0, 0.0], [1.0, 13.0, 4.0, 0.0, 10.0, 6.0, 0.0, 5.0, 4.0, 4.0], [0.0, 1.0, 0.0, 0.0, 0.0, 1.0, 0.0, 1.0, 0.0, 0.0]], 45, 226.72758793830872], "no_split_denoised_cosine": [[[19.0, 4.0, 7.0, 2.0, 0.0, 0.0, 0.0, 1.0, 0.0, 2.0], [0.0, 8.0, 0.0, 0.0, 0.0, 0.0, 0.0, 0.0, 0.0, 2.0], [0.0, 0.0, 14.0, 1.0, 0.0, 0.0, 0.0, 1.0, 0.0, 0.0], [0.0, 1.0, 0.0, 14.0, 5.0, 4.0, 0.0, 0.0, 1.0, 0.0], [0.0, 0.0, 0.0, 0.0, 2.0, 2.0, 0.0, 0.0, 1.0, 0.0], [0.0, 0.0, 0.0, 4.0, 18.0, 12.0, 0.0, 0.0, 1.0, 0.0], [0.0, 0.0, 0.0, 0.0, 0.0, 0.0, 15.0, 1.0, 0.0, 0.0], [0.0, 0.0, 0.0, 0.0, 0.0, 0.0, 0.0, 13.0, 0.0, 0.0], [0.0, 0.0, 1.0, 2.0, 0.0, 0.0, 1.0, 0.0, 14.0, 1.0], [0.0, 11.0, 6.0, 1.0, 0.0, 0.0, 0.0, 4.0, 0.0, 16.0]], 41, 237.4682228565216]}