{"noise": [[[34.0, 0.0, 0.0, 0.0, 1.0, 0.0, 3.0, 0.0, 0.0, 0.0], [9.0, 54.0, 9.0, 10.0, 39.0, 11.0, 0.0, 7.0, 0.0, 21.0], [0.0, 0.0, 15.0, 0.0, 0.0, 0.0, 0.0, 0.0, 0.0, 0.0], [0.0, 0.0, 27.0, 9.0, 0.0, 0.0, 0.0, 0.0, 0.0, 0.0], [1.0, 13.0, 0.0, 1.0, 22.0, 0.0, 0.0, 2.0, 0.0, 0.0], [1.0, 2.0, 0.0, 0.0, 0.0, 52.0, 0.0, 0.0, 0.0, 2.0], [0.0, 0.0, 14.0, 21.0, 0.0, 0.0, 42.0, 35.0, 12.0, 0.0], [1.0, 0.0, 2.0, 14.0, 0.0, 1.0, 0.0, 16.0, 0.0, 9.0], [0.0, 0.0, 3.0, 3.0, 0.0, 0.0, 0.0, 0.0, 41.0, 0.0], [0.0, 0.0, 4.0, 6.0, 0.0, 0.0, 0.0, 0.0, 1.0, 15.0]], 100, 97.67311000823975], "noise_cosine": [[[46.0, 0.0, 0.0, 1.0, 0.0, 0.0, 2.0, 0.0, 0.0, 0.0], [0.0, 61.0, 1.0, 1.0, 5.0, 1.0, 0.0, 0.0, 0.0, 3.0], [0.0, 0.0, 71.0, 0.0, 0.0, 0.0, 0.0, 0.0, 0.0, 0.0], [0.0, 0.0, 2.0, 61.0, 0.0, 0.0, 0.0, 0.0, 0.0, 0.0], [0.0, 2.0, 0.0, 1.0, 57.0, 0.0, 0.0, 0.0, 0.0, 0.0], [0.0, 0.0, 0.0, 0.0, 0.0, 61.0, 0.0, 0.0, 0.0, 0.0], [0.0, 0.0, 0.0, 0.0, 0.0, 0.0, 43.0, 1.0, 3.0, 0.0], [0.0, 6.0, 0.0, 0.0, 0.0, 0.0, 0.0, 59.0, 0.0, 4.0], [0.0, 0.0, 0.0, 0.0, 0.0, 0.0, 0.0, 0.0, 51.0, 0.0], [0.0, 0.0, 0.0, 0.0, 0.0, 2.0, 0.0, 0.0, 0.0, 40.0]], 100, 99.54987978935242], "denoised": [[[45.0, 0.0, 0.0, 2.0, 1.0, 0.0, 1.0, 5.0, 0.0, 0.0], [0.0, 62.0, 0.0, 0.0, 10.0, 6.0, 0.0, 0.0, 0.0, 1.0], [1.0, 0.0, 45.0, 0.0, 0.0, 0.0, 0.0, 0.0, 0.0, 0.0], [0.0, 0.0, 27.0, 47.0, 0.0, 0.0, 0.0, 0.0, 8.0, 0.0], [0.0, 3.0, 0.0, 0.0, 51.0, 0.0, 0.0, 0.0, 0.0, 0.0], [0.0, 0.0, 2.0, 11.0, 0.0, 56.0, 0.0, 2.0, 0.0, 1.0], [0.0, 0.0, 0.0, 4.0, 0.0, 0.0, 44.0, 22.0, 8.0, 0.0], [0.0, 4.0, 0.0, 0.0, 0.0, 0.0, 0.0, 30.0, 0.0, 15.0], [0.0, 0.0, 0.0, 0.0, 0.0, 0.0, 0.0, 0.0, 38.0, 0.0], [0.0, 0.0, 0.0, 0.0, 0.0, 2.0, 0.0, 1.0, 0.0, 30.0]], 100, 102.13496398925781], "denoised_cosine": [[[44.0, 0.0, 0.0, 2.0, 0.0, 0.0, 2.0, 0.0, 0.0, 0.0], [0.0, 39.0, 2.0, 0.0, 19.0, 3.0, 0.0, 0.0, 0.0, 2.0], [2.0, 2.0, 68.0, 0.0, 0.0, 0.0, 0.0, 0.0, 0.0, 0.0], [0.0, 0.0, 2.0, 52.0, 0.0, 0.0, 0.0, 0.0, 15.0, 0.0], [0.0, 13.0, 0.0, 1.0, 43.0, 0.0, 0.0, 0.0, 0.0, 0.0], [0.0, 0.0, 1.0, 6.0, 0.0, 59.0, 0.0, 0.0, 0.0, 3.0], [0.0, 0.0, 0.0, 0.0, 0.0, 0.0, 43.0, 9.0, 8.0, 0.0], [0.0, 15.0, 0.0, 0.0, 0.0, 1.0, 0.0, 51.0, 0.0, 20.0], [0.0, 0.0, 0.0, 0.0, 0.0, 0.0, 0.0, 0.0, 31.0, 0.0], [0.0, 0.0, 1.0, 3.0, 0.0, 1.0, 0.0, 0.0, 0.0, 22.0]], 100, 101.40293192863464], "desilenced": [[[8.0, 0.0, 0.0, 0.0, 0.0, 0.0, 0.0, 0.0, 0.0, 0.0], [8.0, 54.0, 9.0, 12.0, 39.0, 27.0, 0.0, 3.0, 0.0, 27.0], [0.0, 0.0, 9.0, 0.0, 0.0, 0.0, 0.0, 0.0, 0.0, 0.0], [2.0, 0.0, 20.0, 8.0, 0.0, 0.0, 2.0, 0.0, 0.0, 0.0], [1.0, 13.0, 0.0, 2.0, 23.0, 5.0, 0.0, 2.0, 0.0, 0.0], [2.0, 0.0, 1.0, 0.0, 0.0, 29.0, 1.0, 1.0, 0.0, 0.0], [0.0, 0.0, 9.0, 26.0, 0.0, 0.0, 6.0, 28.0, 14.0, 0.0], [1.0, 0.0, 0.0, 12.0, 0.0, 0.0, 0.0, 14.0, 1.0, 9.0], [24.0, 2.0, 22.0, 0.0, 0.0, 3.0, 36.0, 12.0, 39.0, 3.0], [0.0, 0.0, 4.0, 4.0, 0.0, 0.0, 0.0, 0.0, 0.0, 8.0]], 100, 100.53951930999756], "desilenced_cosine": [[[45.0, 0.0, 0.0, 1.0, 0.0, 0.0, 2.0, 0.0, 2.0, 0.0], [0.0, 58.0, 0.0, 1.0, 5.0, 10.0, 0.0, 0.0, 0.0, 3.0], [0.0, 0.0, 67.0, 0.0, 0.0, 0.0, 0.0, 0.0, 0.0, 0.0], [0.0, 0.0, 2.0, 61.0, 0.0, 0.0, 0.0, 0.0, 0.0, 0.0], [1.0, 4.0, 0.0, 1.0, 57.0, 0.0, 0.0, 0.0, 0.0, 0.0], [0.0, 0.0, 0.0, 0.0, 0.0, 47.0, 0.0, 0.0, 0.0, 1.0], [0.0, 0.0, 0.0, 0.0, 0.0, 0.0, 19.0, 1.0, 4.0, 0.0], [0.0, 7.0, 0.0, 0.0, 0.0, 0.0, 0.0, 59.0, 0.0, 3.0], [0.0, 0.0, 5.0, 0.0, 0.0, 2.0, 24.0, 0.0, 48.0, 1.0], [0.0, 0.0, 0.0, 0.0, 0.0, 5.0, 0.0, 0.0, 0.0, 39.0]], 100, 104.78698182106018], "dd": [[[31.0, 0.0, 0.0, 0.0, 0.0, 0.0, 1.0, 1.0, 0.0, 0.0], [0.0, 44.0, 0.0, 2.0, 14.0, 2.0, 0.0, 0.0, 0.0, 0.0], [1.0, 0.0, 40.0, 3.0, 0.0, 0.0, 0.0, 0.0, 0.0, 0.0], [0.0, 0.0, 29.0, 44.0, 0.0, 0.0, 2.0, 0.0, 8.0, 4.0], [1.0, 11.0, 0.0, 0.0, 48.0, 0.0, 1.0, 0.0, 0.0, 0.0], [13.0, 10.0, 0.0, 1.0, 0.0, 62.0, 0.0, 38.0, 0.0, 20.0], [0.0, 0.0, 0.0, 6.0, 0.0, 0.0, 10.0, 5.0, 9.0, 0.0], [0.0, 4.0, 0.0, 1.0, 0.0, 0.0, 0.0, 14.0, 0.0, 8.0], [0.0, 0.0, 3.0, 0.0, 0.0, 0.0, 31.0, 0.0, 37.0, 1.0], [0.0, 0.0, 2.0, 7.0, 0.0, 0.0, 0.0, 2.0, 0.0, 14.0]], 100, 93.85737681388855], "dd_cosine": [[[41.0, 0.0, 0.0, 1.0, 0.0, 0.0, 2.0, 0.0, 1.0, 0.0], [0.0, 36.0, 1.0, 1.0, 21.0, 3.0, 0.0, 0.0, 0.0, 1.0], [2.0, 0.0, 70.0, 1.0, 0.0, 0.0, 0.0, 0.0, 0.0, 0.0], [0.0, 0.0, 2.0, 52.0, 0.0, 0.0, 3.0, 1.0, 16.0, 1.0], [2.0, 18.0, 0.0, 1.0, 41.0, 0.0, 1.0, 2.0, 0.0, 0.0], [1.0, 0.0, 0.0, 1.0, 0.0, 60.0, 0.0, 3.0, 0.0, 8.0], [0.0, 0.0, 0.0, 3.0, 0.0, 0.0, 32.0, 6.0, 8.0, 0.0], [0.0, 15.0, 0.0, 1.0, 0.0, 1.0, 0.0, 48.0, 0.0, 20.0], [0.0, 0.0, 0.0, 0.0, 0.0, 0.0, 7.0, 0.0, 29.0, 0.0], [0.0, 0.0, 1.0, 3.0, 0.0, 0.0, 0.0, 0.0, 0.0, 17.0]], 100, 95.4824891090393], "noise_query_benchmark": [[[44.0, 0.0, 0.0, 2.0, 17.0, 1.0, 0.0, 1.0, 0.0, 0.0], [0.0, 39.0, 0.0, 1.0, 9.0, 2.0, 0.0, 0.0, 0.0, 0.0], [2.0, 0.0, 47.0, 4.0, 0.0, 0.0, 0.0, 0.0, 0.0, 0.0], [0.0, 0.0, 26.0, 46.0, 0.0, 0.0, 0.0, 0.0, 8.0, 0.0], [0.0, 5.0, 0.0, 0.0, 35.0, 0.0, 0.0, 0.0, 0.0, 0.0], [0.0, 0.0, 1.0, 10.0, 1.0, 60.0, 2.0, 5.0, 0.0, 0.0], [0.0, 0.0, 0.0, 1.0, 0.0, 0.0, 43.0, 24.0, 9.0, 0.0], [0.0, 24.0, 0.0, 0.0, 0.0, 0.0, 0.0, 27.0, 0.0, 19.0], [0.0, 0.0, 0.0, 0.0, 0.0, 0.0, 0.0, 0.0, 37.0, 0.0], [0.0, 1.0, 0.0, 0.0, 0.0, 1.0, 0.0, 3.0, 0.0, 28.0]], 100, 100.55793595314026], "noise_query_benchmark_cosine": [[[44.0, 7.0, 0.0, 1.0, 11.0, 0.0, 1.0, 0.0, 0.0, 0.0], [0.0, 31.0, 3.0, 1.0, 13.0, 1.0, 0.0, 2.0, 0.0, 4.0], [2.0, 0.0, 68.0, 1.0, 0.0, 0.0, 0.0, 0.0, 0.0, 0.0], [0.0, 0.0, 2.0, 44.0, 0.0, 0.0, 0.0, 0.0, 10.0, 0.0], [0.0, 12.0, 0.0, 1.0, 38.0, 0.0, 0.0, 0.0, 0.0, 1.0], [0.0, 0.0, 1.0, 12.0, 0.0, 63.0, 0.0, 0.0, 0.0, 5.0], [0.0, 0.0, 0.0, 2.0, 0.0, 0.0, 44.0, 13.0, 11.0, 0.0], [0.0, 17.0, 0.0, 1.0, 0.0, 0.0, 0.0, 45.0, 0.0, 10.0], [0.0, 0.0, 0.0, 0.0, 0.0, 0.0, 0.0, 0.0, 33.0, 0.0], [0.0, 2.0, 0.0, 1.0, 0.0, 0.0, 0.0, 0.0, 0.0, 27.0]], 100, 91.81512498855591]}