{"noise": [[[34.0, 0.0, 0.0, 0.0, 0.0, 0.0, 3.0, 0.0, 0.0, 0.0], [9.0, 54.0, 9.0, 10.0, 39.0, 11.0, 0.0, 7.0, 0.0, 21.0], [0.0, 0.0, 15.0, 0.0, 0.0, 0.0, 0.0, 0.0, 0.0, 0.0], [0.0, 0.0, 27.0, 9.0, 0.0, 0.0, 0.0, 0.0, 1.0, 0.0], [1.0, 13.0, 0.0, 1.0, 22.0, 0.0, 0.0, 2.0, 0.0, 0.0], [1.0, 2.0, 0.0, 0.0, 0.0, 52.0, 0.0, 0.0, 0.0, 2.0], [0.0, 0.0, 14.0, 20.0, 0.0, 0.0, 42.0, 34.0, 12.0, 0.0], [1.0, 0.0, 2.0, 14.0, 1.0, 1.0, 0.0, 17.0, 0.0, 9.0], [0.0, 0.0, 3.0, 3.0, 0.0, 0.0, 0.0, 0.0, 41.0, 0.0], [0.0, 0.0, 4.0, 7.0, 0.0, 0.0, 0.0, 0.0, 0.0, 15.0]], 100, 149.2394073009491], "noise_cosine": [[[46.0, 0.0, 0.0, 1.0, 0.0, 0.0, 2.0, 0.0, 0.0, 0.0], [0.0, 61.0, 1.0, 1.0, 5.0, 1.0, 0.0, 0.0, 0.0, 3.0], [0.0, 0.0, 71.0, 0.0, 0.0, 0.0, 0.0, 0.0, 0.0, 0.0], [0.0, 0.0, 2.0, 61.0, 0.0, 0.0, 0.0, 0.0, 0.0, 0.0], [0.0, 2.0, 0.0, 1.0, 57.0, 0.0, 0.0, 0.0, 0.0, 0.0], [0.0, 0.0, 0.0, 0.0, 0.0, 61.0, 0.0, 0.0, 0.0, 0.0], [0.0, 0.0, 0.0, 0.0, 0.0, 0.0, 43.0, 1.0, 3.0, 0.0], [0.0, 6.0, 0.0, 0.0, 0.0, 0.0, 0.0, 59.0, 0.0, 4.0], [0.0, 0.0, 0.0, 0.0, 0.0, 0.0, 0.0, 0.0, 51.0, 0.0], [0.0, 0.0, 0.0, 0.0, 0.0, 2.0, 0.0, 0.0, 0.0, 40.0]], 100, 149.34463596343994], "denoised": [[[45.0, 0.0, 0.0, 2.0, 1.0, 0.0, 1.0, 5.0, 0.0, 0.0], [0.0, 62.0, 0.0, 0.0, 10.0, 6.0, 0.0, 0.0, 0.0, 1.0], [1.0, 0.0, 45.0, 0.0, 0.0, 0.0, 0.0, 0.0, 0.0, 0.0], [0.0, 0.0, 27.0, 47.0, 0.0, 0.0, 0.0, 0.0, 8.0, 0.0], [0.0, 3.0, 0.0, 0.0, 51.0, 0.0, 0.0, 0.0, 0.0, 0.0], [0.0, 0.0, 2.0, 11.0, 0.0, 56.0, 0.0, 2.0, 0.0, 1.0], [0.0, 0.0, 0.0, 4.0, 0.0, 0.0, 44.0, 22.0, 8.0, 0.0], [0.0, 4.0, 0.0, 0.0, 0.0, 0.0, 0.0, 30.0, 0.0, 15.0], [0.0, 0.0, 0.0, 0.0, 0.0, 0.0, 0.0, 0.0, 38.0, 0.0], [0.0, 0.0, 0.0, 0.0, 0.0, 2.0, 0.0, 1.0, 0.0, 30.0]], 100, 153.36845111846924], "denoised_cosine": [[[44.0, 0.0, 0.0, 2.0, 0.0, 0.0, 2.0, 0.0, 0.0, 0.0], [0.0, 39.0, 2.0, 0.0, 19.0, 3.0, 0.0, 0.0, 0.0, 2.0], [2.0, 2.0, 68.0, 0.0, 0.0, 0.0, 0.0, 0.0, 0.0, 0.0], [0.0, 0.0, 2.0, 52.0, 0.0, 0.0, 0.0, 0.0, 15.0, 0.0], [0.0, 13.0, 0.0, 1.0, 43.0, 0.0, 0.0, 0.0, 0.0, 0.0], [0.0, 0.0, 1.0, 6.0, 0.0, 59.0, 0.0, 0.0, 0.0, 3.0], [0.0, 0.0, 0.0, 0.0, 0.0, 0.0, 43.0, 9.0, 8.0, 0.0], [0.0, 15.0, 0.0, 0.0, 0.0, 1.0, 0.0, 51.0, 0.0, 20.0], [0.0, 0.0, 0.0, 0.0, 0.0, 0.0, 0.0, 0.0, 31.0, 0.0], [0.0, 0.0, 1.0, 3.0, 0.0, 1.0, 0.0, 0.0, 0.0, 22.0]], 100, 149.95908188819885], "desilenced": [[[8.0, 0.0, 0.0, 0.0, 0.0, 0.0, 0.0, 0.0, 0.0, 0.0], [8.0, 54.0, 9.0, 12.0, 39.0, 27.0, 0.0, 3.0, 0.0, 27.0], [0.0, 0.0, 9.0, 0.0, 0.0, 0.0, 0.0, 0.0, 0.0, 0.0], [2.0, 0.0, 20.0, 8.0, 0.0, 0.0, 2.0, 0.0, 0.0, 0.0], [1.0, 13.0, 0.0, 2.0, 23.0, 5.0, 0.0, 2.0, 0.0, 0.0], [2.0, 0.0, 1.0, 0.0, 0.0, 29.0, 1.0, 1.0, 0.0, 0.0], [0.0, 0.0, 9.0, 26.0, 0.0, 0.0, 6.0, 28.0, 14.0, 0.0], [1.0, 0.0, 0.0, 12.0, 0.0, 0.0, 0.0, 14.0, 1.0, 9.0], [24.0, 2.0, 22.0, 0.0, 0.0, 3.0, 36.0, 12.0, 39.0, 3.0], [0.0, 0.0, 4.0, 4.0, 0.0, 0.0, 0.0, 0.0, 0.0, 8.0]], 100, 143.19317054748535], "desilenced_cosine": [[[45.0, 0.0, 0.0, 1.0, 0.0, 0.0, 2.0, 0.0, 2.0, 0.0], [0.0, 58.0, 0.0, 1.0, 5.0, 10.0, 0.0, 0.0, 0.0, 3.0], [0.0, 0.0, 67.0, 0.0, 0.0, 0.0, 0.0, 0.0, 0.0, 0.0], [0.0, 0.0, 2.0, 61.0, 0.0, 0.0, 0.0, 0.0, 0.0, 0.0], [1.0, 4.0, 0.0, 1.0, 57.0, 0.0, 0.0, 0.0, 0.0, 0.0], [0.0, 0.0, 0.0, 0.0, 0.0, 47.0, 0.0, 0.0, 0.0, 1.0], [0.0, 0.0, 0.0, 0.0, 0.0, 0.0, 19.0, 1.0, 4.0, 0.0], [0.0, 7.0, 0.0, 0.0, 0.0, 0.0, 0.0, 59.0, 0.0, 3.0], [0.0, 0.0, 5.0, 0.0, 0.0, 2.0, 24.0, 0.0, 48.0, 1.0], [0.0, 0.0, 0.0, 0.0, 0.0, 5.0, 0.0, 0.0, 0.0, 39.0]], 100, 141.83290243148804], "dd": [[[31.0, 0.0, 0.0, 0.0, 0.0, 0.0, 1.0, 1.0, 0.0, 0.0], [0.0, 44.0, 0.0, 2.0, 14.0, 2.0, 0.0, 0.0, 0.0, 0.0], [1.0, 0.0, 40.0, 3.0, 0.0, 0.0, 0.0, 0.0, 0.0, 0.0], [0.0, 0.0, 29.0, 44.0, 0.0, 0.0, 2.0, 0.0, 8.0, 4.0], [1.0, 11.0, 0.0, 0.0, 48.0, 0.0, 1.0, 0.0, 0.0, 0.0], [13.0, 10.0, 0.0, 1.0, 0.0, 62.0, 0.0, 38.0, 0.0, 20.0], [0.0, 0.0, 0.0, 6.0, 0.0, 0.0, 10.0, 5.0, 9.0, 0.0], [0.0, 4.0, 0.0, 1.0, 0.0, 0.0, 0.0, 14.0, 0.0, 8.0], [0.0, 0.0, 3.0, 0.0, 0.0, 0.0, 31.0, 0.0, 37.0, 1.0], [0.0, 0.0, 2.0, 7.0, 0.0, 0.0, 0.0, 2.0, 0.0, 14.0]], 100, 141.4940071105957], "dd_cosine": [[[41.0, 0.0, 0.0, 1.0, 0.0, 0.0, 2.0, 0.0, 1.0, 0.0], [0.0, 36.0, 1.0, 1.0, 21.0, 3.0, 0.0, 0.0, 0.0, 1.0], [2.0, 0.0, 70.0, 1.0, 0.0, 0.0, 0.0, 0.0, 0.0, 0.0], [0.0, 0.0, 2.0, 52.0, 0.0, 0.0, 3.0, 1.0, 16.0, 1.0], [2.0, 18.0, 0.0, 1.0, 41.0, 0.0, 1.0, 2.0, 0.0, 0.0], [1.0, 0.0, 0.0, 1.0, 0.0, 60.0, 0.0, 3.0, 0.0, 8.0], [0.0, 0.0, 0.0, 3.0, 0.0, 0.0, 32.0, 6.0, 8.0, 0.0], [0.0, 15.0, 0.0, 1.0, 0.0, 1.0, 0.0, 48.0, 0.0, 20.0], [0.0, 0.0, 0.0, 0.0, 0.0, 0.0, 7.0, 0.0, 29.0, 0.0], [0.0, 0.0, 1.0, 3.0, 0.0, 0.0, 0.0, 0.0, 0.0, 17.0]], 100, 228.68932437896729]}